Himno del abogado,Alirio Abreu,1,SCTB - Himno,Estante 1 - G1
La guacharaca,I. capriles,2,SAT - Aire de joropo,Estante 1 - G1
Dame una ilusion,Modesta Bor,1,SCTB- Vals Lento,Estante 1 - G1
America Insurrecta,Anónimo,1,SCTB,Estante 1 - G1
Dadme Albricias,Anónimo,1,SCTB,Estante 1 - G1
Espera,H. Oramatges,1,SCTB,Estante 1 - G1
Doña Ubensa,Chacho Echenique,1,SCTB - Huayna,Estante 1 - G1
Del prado vengo,Vivian Tabbush,1,SCTB - Huayna,Estante 1 - G1
Dulce embeleso,Miguel Garcia,1,SCTB - Bolero,Estante 1 - G1
Dona'm la mia,Josep Criville',1,SCTB - Madrigal italiano,Estante 1 - G1
Nocturno,Eduardo Plaza,1,SSA - A Capella,Estante 1 - G1
Dos cantos ,Gerardo Guevara,1,SCTB - Popular ecuador,Estante 1 - G1
El rio Guadalquivir,Vicente Emilio Sojo,1,SCTB - Madrigal,Estante 1 - G1
El alcavaran ,Simón Díaz,2,SCTB - Popular,Estante 1 - G1
Eres alta y delgada,Ansel Barja,1,SCTB - Popular,Estante 1 - G1
Caramba,Vicente Emilio Sojo,1,SCTB - Merengue,Estante 1 - G1
Eres como la nieve,Cristobal Haltfeen,1,SCTB,Estante 1 - G1
Bambuco,Leoncio Ramirez,12,SCTB,Estante 1 - G1
"Innsbruck, ich mub dich lassen",Heirinch Isaac,1,SCTB,Estante 1 - G1
A tu lado,Javier Busto,15,SCTB - Habanera,Estante 1 - G1
Athens ,Luca Marangro,2,Madrigal,Estante 1 - G1
Amanecer ,Vicente Emilio Sojo,4,Madrigal,Estante 1 - G1
Acidito,Anónimo,50,Merengue,Estante 1 - G1
Coplas de cuna,Emma Perez,50,SCTB,Estante 1 - G1
Adios Mariposita,E. Castellano,1,SCTB - Madrigal,Estante 1 - G1
Hay luces entre los arboles,Fernando Paz,1,SCTB - Madrigal,Estante 1 - G1
La cachua,Veto Valderrama,1,SCTB - Madrigal,Estante 1 - G1
Annelein,Orlando Di Lasso,1,SCTB - Cancion Alemana,Estante 1 - G1
Beautiful Dreamer,Roger Luagne,1,SCTB,Estante 1 - G1
Carimbo,Arranjo Ennert,1,SCTB,Estante 1 - G1
Gloria,Athos palma,1,SCTB,Estante 1 - G1
Gloria,Anónimo,20,SCTB,Estante 1 - G1
Alleluia ,William B.,1,SCTB,Estante 1 - G1
Exsultate Iusti In Domino,Juan Gutierrez,1,SCTB,Estante 1 - G1
Eram Guasi Agnus,Anónimo,1,SCTB,Estante 1 - G1
Agnus Dei ,"Willia, Byrd",1,SCTB,Estante 1 - G1
Aquí te amo ,Pablo Nerudo,1,SCTB - Madrigal,Estante 1 - G1
Jerusalem,William Blake,5,SCTB,Estante 1 - G1
Dios Inmortal ,F. Guerrero,1,SCTB,Estante 1 - G1
Jacob Arcadelt,Anónimo,3,SCTB - Madrigal,Estante 1 - G1
La barca de oro ,Francisco Zapato,1,SCTB,Estante 1 - G1
Dedicatione ,Anónimo,1,SCTB,Estante 1 - G1
Alma dei Creatoris,Wolfgang Amadeus Mozart,1,SCTB,Estante 1 - G1
Ein Festa bung Ist Unser Gott,Jungere Leipziger Fassung,1,SCTB,Estante 1 - G1
Egli Eil Tuo Bon Jesu,Fra' Dionisius,20,SCTB,Estante 1 - G1
"Avec Du Vin, Endormons nous",Rameau,1,SCTB,Estante 1 - G1
Ehre sei de christe,Anónimo,1,SCTB,Estante 1 - G1
Canto de Ossanha,Anónimo,1,SCTB,Estante 1 - G1
A song of peace,Jean Sibelius,3,SCTB,Estante 1 - G1
Virga Jesse,Anton Bruckner,1,SCTB,Estante 1 - G1
Ave Maria,Anton Bruckner,1,SCTB,Estante 1 - G1
Os Susti,Anton Bruckner,1,SCTB,Estante 1 - G1
Chorus,Anónimo,1,SCTB,Estante 1 - G1
Graduale ,Anton Bruckner,1,SCTB,Estante 1 - G1
Lacrymosa - Domine jesu,Anónimo,1,SCTB,Estante 1 - G1
El gavilan,Alberto Grau,1,SCTB - Madrigal,Estante 1 - G1
El gavan,Rafael Suarez,1,SCTB - Madrigal,Estante 1 - G1
Alla va un encobijao,Antonio Lauro,3,SCTB,Estante 1 - G1
Bailao,Heitor Villa-Lobos,1,SCTB,Estante 1 - G1
Café tostao y colao,Gilberto Rebolledo,1,SCTB,Estante 1 - G1
El noi de la mara,Ernesto Cervera,1,SCTB - Popular,Estante 1 - G1
Brisas del torbe,Rafael Suarez,1,SCTB - Madrigal,Estante 1 - G1
Arco Iris,Modesta Bor,1,SCTB,Estante 1 - G1
Inquietud,Luis G. Sanchez,1,SCTB,Estante 1 - G1
La mañana ajena,Fernando Rodriguez,2,SCTB - Madrigal,Estante 1 - G1
En avila mis ojos,Salas Viu,1,SCTB - Madrigal,Estante 1 - G1
Gloria In Excelsis Deo,Diego Duarte,1,SCTB - Sacro,Estante 1 - G1
Cielo Elemental ,Gilberto Rebolledo,16,SCTB - Madrigal,Estante 1 - G1
La catuarera,Claudio Fermin,22,SCTB - Madrigal,Estante 1 - G1
Criollisima,Henry Martin,1,SCTB - Merengue,Estante 1 - G1
Josefina - Danza,Armando molero,50,SCTB - Danza,Estante 1 - G1
Canto a la vida,Fernando Rodriguez,35,SCTB - Madrigal,Estante 1 - G1
Cuando me quieres,Edgar Carrero,20,SCTB - Madrigal,Estante 1 - G1
Coplas de campo,Moises Moleiro,2,SCTB - Madrigal,Estante 1 - G1
Con triste voz,Anónimo,2,SCTB - Madrigal,Estante 1 - G1
Ti est bel et bon,Anónimo,1,SCTB,Estante 1 - G1
Du Friedefuist,Anónimo,14,SCTB,Estante 1 - G1
Christo al morir ,Fra' Marc Antonio,1,SCTB,Estante 1 - G1
Ave maria,J. arcadelt,9,SCTB,Estante 1 - G1
Ave Maria,Giovanni Pierluigi da Palestino,1,SCTB,Estante 1 - G1
Ave maria,Pedro,1,SCTB,Estante 1 - G1
Ave maria,T. Luis de vicotira,1,SCTB,Estante 1 - G1
Alta trinita beata,Satz,1,SCTB,Estante 1 - G1
Credo,Krysztof,1,SCTB,Estante 1 - G1
Der 42 psatm,Movimiento,20,SCTB - Movimiento,Estante 1 - G1
"Jesu, Meine Freude",Johann Sebastian Bach,20,SCTB,Estante 1 - G1
Jubilemus,Francois Couperin,1,SCTB,Estante 1 - G1
Ave Maria,Franz Bielx,20,SCTB,Estante 1 - G1
Ave Maria,Cesar Carrillo,1,Voces Oscuras,Estante 1 - G1
Ave Maria,Igor Stravinky,1,SCTB,Estante 1 - G1
Como las hojas blancas,Roberto Aguirre,1,SCTB,Estante 1 - G1
Ave Verum Corpus,Mozon,1,SCTB,Estante 1 - G1
Ave maria stella,Felice Anerio,1,SCTB - Gregoriano,Estante 1 - G1
Cantate Domino,Javier Busto,1,SCTB,Estante 1 - G1
Chorus,Anónimo,10,SCTB,Estante 1 - G1
Frihzeitiger frunling,Anónimo,1,SCTB,Estante 1 - G1
gato triste,cn. Bopohbke,1,SCTB,Estante 1 - G1
Ain' a thatgood nows',Willian L Dawson,1,SCTB,Estante 1 - G1
Gloria In Excelsis Deo,Anónimo,1,SCTB,Estante 1 - G1
La culebra,M. Morales,1,Popular,Estante 1 - G1
Espanto y la ternura,Silvio Rodriguez,1,Popular,Estante 1 - G1
Danza,Cesar Alejandro,1,Madrigal,Estante 1 - G1
Guajira Guantanamena,Anónimo,2,SCTB,Estante 1 - G1
Estote Fortes in Bello,Luis de Victoria,1,SCTB,Estante 1 - G1
Estidal,Zoltán Kodály,1,SCTB,Estante 1 - G1
Daltil sa iyo,Miguek Velarde,1,SCTB - Bolero,Estante 1 - G1
Cabaret,John Kordier,1,SCTB,Estante 1 - G1
Canciones populares argentinas,Juan Carlos Logurre,1,SCTB,Estante 1 - G1
De camargo ,Carlos Guasteriro,1,SCTB,Estante 1 - G1
Cancion de cuna para camila,Luis F. Moncada,20,SCTB,Estante 1 - G1
El tejedor,Mario Gajardo,1,SCTB,Estante 1 - G1
El que siembra su maiz,E. Silva,1,SCTB,Estante 1 - G1
"Allons, grey",Costeley,1,SCTB,Estante 1 - G1
Al ritmo de la habanera,Romo raventos,1,SCTB,Estante 1 - G1
Hymn to the creator of light,John Butter,2,SCTB,Estante 1 - G1
Dara la notte il sol,Anónimo,1,SCTB,Estante 1 - G1
Bajaste del cielo en luz primorosa,Luis,5,SCTB - Aguinaldo,Estante 1 - G1
El canto de los pajaros,Anónimo,6,SCTB- Madrigal,Estante 1 - G1
Fantasia Coral,Ludwing von Beethowen,1,SCTB - Madrigal,Estante 1 - G1
Away in a mengar,Reginald Jecques,1,Tradicional,Estante 1 - G1
Exsultate deo,Alessandro Jeanlapti,1,SCTB - Sacro,Estante 1 - G1
"Dindirin, Dindirin",Anónimo,5,SCTB,Estante 1 - G1
"Fantasia coral, para piano y orquesta",Ludwing von Beethowen,1,Piano,Estante 1 - G1
Dormite miniño,Vicente Emilio Sojo,1,Cancion de cuna,Estante 1 - G1
Cancion de noche sin luna,Ruben Rivas,1,SCTB,Estante 1 - G1
Canco De L'ngtent,Josep Vila i Casañas,1,SCTB - Sacro,Estante 1 - G1
El piro,J. Tanietin,1,SCTB,Estante 1 - G1
La Baringueña,Felipe Astis,1,SCTB,Estante 1 - G1
El Becerrito,Simón Díaz,72,Voces Blancas - Popular(folklore),Estante1 - G2
Cancion,Javier Busto,16,Voces Blancas - Polpular - SSA,Estante1 - G2
Cancion de Cuna,Frank Fernandez,2,Voces Blancas - Popular,Estante1 - G2
Cancion de Cuna,Modesta Bor,1,Voces Blancas - Popular,Estante1 - G2
Chega de Saudade,Antonio Carlos Jobim - Vinicius de Moraes,6,Popular Brasileña - SSA,Estante1 - G2
Caballito,"Carlos Vives, adaptacion musical: Gilbert Martinez",1,Voces Blancas - Folklore Colombiano,Estante1 - G2
Carangueijó,Heitor Villa-Lobos,1,Voces Blancas - Popular Brasileña,Estante1 - G2
Comprame un perrito,Luis Fernando Moncada,1,Voces Blancas - Popular,Estante1 - G2
Cancion de la amistad coral,Anónimo,23,Voces Blancas - Popular - Canto Común,Estante1 - G2
Caracolitos chicos,Alberto Grau,1,Voces Blancas - Popular,Estante1 - G2
"Ahí, che quest´occhi miei",Giovanni Pierluigi da Palestino,50,SSA - Madrigal,Estante1 - G2
Cancion feliz,Luis Lizcano,1,Voces Blancas - Cumbia,Estante1 - G2
Cancion para la niña desvelada,"Ana Mercedes Azuaje, Arr: Modesta Bor",1,Popular - SSA - Madrigal Venezolana,Estante1 - G2
Cancion popular rusa,Arr: Modesta Bor,1,Voces Blancas - Popular Ruso,Estante1 - G2
Casate conmigo niña,Adrian Lobo,1,SSA - popular Española,Estante1 - G2
"Como compongo poco, ´toy loco",Alberto Grau,1,Voces Blancas - Popular,Estante1 - G2
Dame la mano,Vs: Edgar Quiñones,21,Voces Blancas - Popular - Canto Común,Estante1 - G2
Caballito de mar,Dante Andreo,1,SA - popular,Estante1 - G2
Cochinitos dormilones,Arr: Jesus Galvan,5,SSA - Vals,Estante1 - G2
Cancion de horario y minutero,Gilberto Rebolledo,22,Voces Blancas - Cancion infantil,Estante1 - G2
Canco de finestra,Josep Vila i Casañas,14,SSAA - Popular Cataluña,Estante1 - G2
Cabbage - tree hat,Arr: Donald Patriquin,7,SA+clarinete - Folklorica Australiana,Estante1 - G2
Caramba,Otilio Galindez,19,SSA - popular,Estante1 - G2
Chacurera trunca,Vivian Tabbush,30,SSA - Danza Tradicional Argentina,Estante1 - G2
Cantar del muchaho de piel de noche,Modesta Bor,25,SSA - Madrigal Venezolana,Estante1 - G2
A la nanita nana ,Luis Barrios,1,Voces Blancas - Navidad,Estante1 - G2
Al nacido el niño,Luis E Gailan,1,Voces Blancas - Navidad,Estante1 - G2
Hoy es nacido ,Anónimo,23,SCTB - Navidad,Estante1 - G2
Erraguzu Maria,Anónimo,6,SCTB - Navidad,Estante1 - G2
Con esta Parrandita,Modesta Bor,23,SCTB - Navidad,Estante1 - G2
Aguinaldo Margariteño,Modesta Bor,1,SCTB - Navidad,Estante1 - G2
Campanitas de cristal,Rafael Hernandez,35,SCTB - Navidad,Estante1 - G2
Cantemos a coro ,Guillermo Balza,3,SCTB - Navidad,Estante1 - G2
El niños Jesus Llanero,Simón Díaz,1,SCTB - Navidad,Estante1 - G2
El niño criollo ,Anónimo,1,SCTB - Navidad,Estante1 - G2
La Flor de Aragua,Lena Sanchez Bor,1,SCTB - Popular,Estante1 - G2
In Questa Notte Splendida,Claudio Chieff,2,SCTB,Estante1 - G2
El ponche andino,Gilberto Rebolledo,1,SCTB - Navidad,Estante1 - G2
Abreme la puerta,Modesta Bor,1,SCTB - Navidad,Estante1 - G2
El celestial ,Gilberto Rebolledo,1,SCTB - Navidad,Estante1 - G2
Cattle Drivers song of Nambu,Anónimo,1,Popular Japonesa,Estante1 - G2
I Want to walk as a child of the Light,Anónimo,1,SCTB - Navidad,Estante1 - G2
El cant Dels Ocells ,Pau Casals,22,Navidad,Estante1 - G2
Pero mira como beben,Miguel Asins Arbó,10,Navidad,Estante1 - G2
Hayaca Hago yo ,Gilberto Rebolledo,13,Navidad,Estante1 - G2
El decembre Congelat,Anónimo,1,Villancico Cataluño,Estante1 - G2
De contento,Rafael Izaza,1,Navidad,Estante1 - G2
Rey celestial,Anónimo,10,TTBB,Estante1 - G2
How Merrily We Live,Michael Heast,25,SCTB,Estante1 - G2
El Pauji,Nicolas Garcia,1,SCTB - Aguinaldo,Estante1 - G2
"Come, Marie, Elisabette",Halem Dickison,1,Navidad,Estante1 - G2
Esplendida noche ,Modesta Bor,1,Navidad,Estante1 - G2
Sortilegio,Hildebrando Rodriguez,1,SCTB - Vals,Estante1 - G2
Alla riva del tebro,Giovanni Pierluigi da Palestino,1,SCTB - Madrigal,Estante1 - G2
Azabache,Homero Esposito,14,Cambome,Estante1 - G2
El bucare,Luis Orlando,1,SCTB,Estante1 - G2
"Ay, Linda amiga",Anónimo,3,SCTB - Madrigal,Estante1 - G2
Hanacpachan Cussianoin,Anónimo,20,Himno Festividades,Estante1 - G2
Ah Coracao,Aglton Escobar,1,Brasilero,Estante1 - G2
Clara noche en el bosque,Johannes Brahms,1,Madrigal,Estante1 - G2
A tu regreso ,Henry Martinez,1,SCTB - Madrigal,Estante1 - G2
El dulce criollo,Gilberto Rebolledo,1,SCTB -Merengue,Estante1 - G2
Cachita,R. Hernandez,14,SCTB - Popular,Estante1 - G2
Chucho y Ceferina,Cony Mendez,2,SCTB - Merengue,Estante1 - G2
El abanico,Jordi Blanch,2,Habanera Popular,Estante1 - G2
Guireñita,Francisco Carreño,1,SCTB,Estante1 - G2
El canto de los bosques,D. Shostkovih,1,SCTB - Oratorio,Estante1 - G2
El manisero,Moises Simons,1,SCTB,Estante1 - G2
El negro feliz,Jose deli sosa,1,SCTB - Merengue,Estante1 - G2
Amicus Meos ,Anónimo,1,SCTB - Madrigal,Estante1 - G2
Tarea ,Modesta Bor,23,Voces Blancas,Estante1 - G2
Esta noche nace el niño,Dante Andreo,1,Voces Blancas - Navidad,Estante1 - G2
Blanco es el niño,Dante Andreo,2,Voces Blancas - Navidad,Estante1 - G2
Canticos de Navidad,Juan Orrego Salas,8,Voces Blancas - Navidad,Estante1 - G2
El niño Celestial,Lena Sanchez Bor,27,Voces Blancas - Navidad,Estante1 - G2
Al llegar aquí,Modesta Bor,10,Voces Blancas - Navidad,Estante1 - G2
Aleluya,Anónimo,7,Canticos de navidad,Estante1 - G2
Alumbra Cocuyito ,Gilberto Rebolledo,43,Voces Blancas - Navidad,Estante1 - G2
Danza,Anónimo,2,Canticos de navidad,Estante1 - G2
Aguinaldo Sencillo,Gilberto Rebolledo,1,Voces Blancas - Navidad,Estante1 - G2
El niño criollo ,Isabel Hernandez,26,Voces Blancas - Navidad,Estante1 - G2
Adoremos a Dios ,Anónimo,32,Navidad,Estante1 - G2
Cancion del aire en la altura,Anónimo,2,Popular,Estante1 - G2
Canto magico Camaracoto,Ruben Rivas,27,SCTB,Estante1 - G2
Donde estas niñito ,Luis Fernando Moncada,5,Navidad,Estante1 - G2
Ha nacido ,Julio Sanchez,19,Navidad,Estante1 - G2
La brillante Estrella ,Modesta Bor,24,Navidad,Estante1 - G2
La hayaca,Gilberto Rebolledo,33,Navidad,Estante1 - G2
Año viejo de mi barrio,Luis Fernando Moncada,23,Navidad,Estante1 - G2
Cancao de garua,Murillo Santos,14,Voces Blancas,Estante1 - G2
Kyrie,A. Diericx,8,Sacro - VB,Estante1 - G3
Misa Breve - Kyrie Eleison,Gabriel Fauré,20,Sacro - Mixto,Estante1 - G3
"Chorus: ""Laud we the name""",Johann Sebastian Bach,25,Sacro,Estante1 - G3
Adoramus te,Johannes Brahms,10,Sacro,Estante1 - G3
Ave Regina coelorum,Vytautas Miskinis,15,Sacro,Estante1 - G3
Cuatro cantos penitenciales,Javier Busto,25,Sacro,Estante1 - G3
Cry me a river,Anónimo,2,Sacro,Estante1 - G3
Do-don´t touch-a my garmet,Robert Shaw,1,Sacro,Estante1 - G3
Ev´ry time I feel the spirit,Moses Hogan,1,Sacro,Estante1 - G3
Got a mind to do right,David Morrow,7,Sacro,Estante1 - G3
Gloria tibi,Leonard Bernstein,1,Sacro,Estante1 - G3
In pace,Orlandus Lassus,2,Sacro,Estante1 - G3
Kum Ba Yah - Let us break bread together,Manfred Hilger,30,Sacro,Estante1 - G3
Despertar,Antonio Estevez,25,Sacro,Estante1 - G3
De los alamos vengo,Anónimo,1,Tono llanero - Mixto,Estante1 - G3
Dalaman,Michael McGlynn,1,Madrigal,Estante1 - G3
Bolero de Mastropiero,Jorge Maronna,20,Bolero,Estante1 - G3
Amen,Benjamin Cooke,25,Sacro - Voces Oscuras,Estante1 - G3
Gaudeamus igitur,Johannes Brahms,5,Sacro - Voces Oscuras,Estante1 - G3
La madrugada,Eduardo Plaza,8,Madrigal,Estante1 - G3
Come again,John Dowland,2,Popular - Voces oscuras,Estante1 - G3
August,Michael McGlynn,5,Popular,Estante1 - G3
"Dir, seele des weltalls",Wolfgang Amadeus Mozart,1,Mixto - Voces Oscuras,Estante1 - G3
Ave vérum,Wolfgang Amadeus Mozart,1,Sacro - Mixto (solo),Estante1 - G3
Ascendit deus,Carlo Carturran,10,Sacro,Estante1 - G3
Adoramus te,O. Ravanello,40,Sacro,Estante1 - G3
A song of st. Francis,Michael Hurt,10,Popular,Estante1 - G3
Ave Maria,Eduardo Plaza,30,Sacro - Mixto,Estante1 - G3
Ave Maria,Antonio Estevez,10,Sacro - Mixto,Estante1 - G3
Agnus Dei ,A. Diericx,15,Sacro,Estante1 - G3
Dulcis Christe,Michelangelo Grancini,10,Sacro,Estante1 - G3
"Junda, Junda, San Antón",Alberto Grau,1,Popular,Estante1 - G3
Crepuscular,Antonio Lauro,2,Mixto,Estante1 - G3
El perro,Moises Moleiro,8,Popular,Estante1 - G3
"Come, Holy Ghost Got and lord",Martin Lather,2,Gregoriano,Estante1 - G3
Fire in the land,Lena Sanchez Bor,10,Calypso - Voces Oscuras,Estante1 - G3
If ye love me,Thomas tallis,4,Popular,Estante1 - G3
Dreizehn Kanons,Wolfgang Amadeus Mozart,30,Sacro,Estante1 - G3
kyrie,Agneta Skold,1,Sacro,Estante1 - G3
Andante con moto e molto espressivo,Orlando Di Lasso,15,Sacro,Estante1 - G3
In monte oliveti,Ciambattista Martini,30,Sacro,Estante1 - G3
"Heav´n, heav´n",Anónimo,20,Popular,Estante1 - G3
I name so sweet,Alejandro Paliat,12,Popular,Estante1 - G3
Halleluja,G.F Handel,20,Sacro,Estante1 - G3
Gloria,Anónimo,50,Sacro,Estante1 - G3
El san pedro milagroso,Alberto Grau,15,Popular,Estante1 - G3
El san pedro juega chapas,Alberto Grau,15,Popular,Estante1 - G3
El misericordia,Giovanni Pierluigi da Palestino,20,Gregoriano,Estante1 - G3
Esurientes,Giovanni Pierluigi da Palestino,1,Gregoriano,Estante1 - G3
Go down moses,Anónimo,50,Popular,Estante1 - G3
Go tell it on the mountain ,Negro Spintual,50,Popular,Estante1 - G3
Et resurrexit from the Missa tertvi tioni,Anónimo,30,Sacro,Estante1 - G3
Hanoq Pachap,Anónimo,1,Gregoriano,Estante1 - G3
Great Day,Anónimo,50,Popular,Estante1 - G3
El sr es mi pastor,Anónimo,4,Sacro,Estante1 - G3
Canti´que de jean racine,Jean Ashworth Bartle,30,Madrigal,Estante1 - G3
Canzone sacra a tre voci pari ,Claudio Monteverdi,25,Sacro,Estante1 - G3
Cantate Domino,Anónimo,34,Sacro,Estante1 - G3
Hard trails,Anónimo,15,Popular,Estante1 - G3
Crux ave benedicta,Emil Anjoy,16,Sacro,Estante1 - G3
Ave maria,Varios autores,5,Sacro,Estante1 - G3
Confitemim Domini,Alessandro Constantini,1,Sacro,Estante1 - G3
chiste eleison from the Missa ,Victoria,1,Sacro,Estante1 - G3
Credo,Anónimo,20,Sacro,Estante1 - G3
Crucifixus,Andrea Gabrielli,30,Gregoriano,Estante1 - G3
Ave Maria gratia plena,Javier Busto,1,Sacro,Estante1 - G3
Benedictus,Giovanni Pierluigi da Palestino,50,Sacro,Estante1 - G3
Alleluia,Johann Sebastian Bach. Arr Channing,50,Sacro,Estante1 - G3
Ave Maria,Juan E Martini,3,Sacro,Estante1 - G3
Si San Pedro se muriera,Alberto Grau,1,Popular,Estante1 - G3
La mariposa,Modesta Bor,20,Voces Blancas,Estante1 - G4
El son de las piedras,William Blanco,5,Voces Blancas,Estante1 - G4
El sebucan,Modesta Bor,2,Voces Blancas,Estante1 - G4
La alondra,Anónimo,1,Voces Blancas,Estante1 - G4
La fiesta del tambor,Anónimo,20,Voces Blancas,Estante1 - G4
Agua de beber,Antonio Carlo,1,Voces Blancas,Estante1 - G4
Al animo,Anónimo,1,Voces Blancas,Estante1 - G4
Ale limon,Modesta Bor,3,Voces Blancas,Estante1 - G4
Alai cui cui,Miguel Astor,10,Voces Blancas,Estante1 - G4
I went to the market,Canadian Flok,20,Voces Blancas,Estante1 - G4
E uskal jukoak,Javier Busto,50,Voces Blancas,Estante1 - G4
Desesperanza,Luisa Escobar,50,Voces Blancas,Estante1 - G4
"asi es, Oriente",Beto Valderrama,1,Voces Blancas,Estante1 - G4
As Costureims,Heitor Villa-Lobos,10,Voces Blancas,Estante1 - G4
El palagar,Modesta Bor,1,Voces Blancas,Estante1 - G4
Esguinces ritmicos,Modesta Bor,1,Voces Blancas,Estante1 - G4
"Hebrew sog, in hebrew",Donna Donna,5,Voces Blancas,Estante1 - G4
Doeba,Eieks Veenker,5,Voces Blancas,Estante1 - G4
El cascabel,Jorge Cozalt,5,Voces Blancas,Estante1 - G4
El bailon,Vicente Emilio Sojo,1,Voces Blancas,Estante1 - G4
"Coro, coronel rosado",Piazzoralla,20,Voces Blancas,Estante1 - G4
Karadeniz Turkusi,Ahmet Kutsi,1,Voces Blancas,Estante1 - G4
Desde que o samba,Roberto Rodgriguez,5,Voces Blancas,Estante1 - G4
Good night,Dmitri kabalevsk,3,Voces Blancas,Estante1 - G4
Amigo de verdad,Anónimo,1,Voces Blancas,Estante1 - G4
La azulita,Ernesto duque,1,Voces Blancas,Estante1 - G4
Homenaje al sol,Anónimo,4,Voces Blancas,Estante1 - G4
Esta enamorada,Gilberto Rebolledo,10,Voces Blancas,Estante1 - G4
El tren,C.M. de weber,1,Voces Blancas,Estante1 - G4
El santiguao,Federico Ruiz,1,Voces Blancas,Estante1 - G4
El valenton,Gilberto Rebolledo,5,Voces Blancas,Estante1 - G4
Danzantito,Anónimo,20,Voces Blancas,Estante1 - G4
Bandinha da vila ,Arico Juvor,20,Voces Blancas,Estante1 - G4
Edetwetss,Richard Rodgers,10,Voces Blancas,Estante1 - G4
Cancion de cuna para dormir un negrito,Modesta Bor,1,Voces Blancas,Estante1 - G4
Die Breme Stadtmusiketan,Richard Rudolf,1,Voces Blancas,Estante1 - G4
Laurentius von Schinfis,Gerald Wirth,1,Voces Blancas,Estante1 - G4
Die ihr des uniermeblicken weltalls schopfer ehix,Gerald Wirth,1,Voces Blancas,Estante1 - G4
Duermete apegado a mi,A Grau,1,Voces Blancas,Estante1 - G4
Duerme negrita,Yosvany Estepe,10,Voces Blancas,Estante1 - G4
Do Page,Heitor Villa-Lobos,1,Voces Blancas,Estante1 - G4
Acto del arbol,Alberto Grau,1,SCTB - Madrigal,Estante1 - G4
La mañana,Antonio Lauro,1,Voces Blancas - Madrigal,Estante1 - G4
El despertar de la isla,Carreño I,2,Voces Blancas,Estante1 - G4
El barquito,Albert Gratt,50,Voces Blancas,Estante1 - G4
Compae Chipuco,Alberto Cardonel,20,Voces Blancas,Estante1 - G4
La Doncella ,S. Madariaga,3,Voces Blancas,Estante1 - G4
Cing Chansons Folkloriques d' haiti,Electo Silva,20,Voces Blancas,Estante1 - G4
Canco' de bres por a una princesa negra,A Rodriguez,5,Voces Blancas,Estante1 - G4
Cancion del pais con rey,David Chericion,3,Voces Blancas,Estante1 - G4
"Come, Ye makers of song",Ruth watson Henderson,20,Voces Blancas,Estante1 - G4
Canto a merida,Argenis Rivera,20,Voces Blancas,Estante1 - G4
Dindorin Dorolindo,Electo Silva,20,Voces Blancas,Estante1 - G4
Las nubes,Eduardo Serrano,1,Voces Blancas,Estante1 - G4
La suegra,Gilberto Rebolledo,30,Voces Blancas,Estante1 - G4
Las lomas del viento,Ruben Rivas,20,Voces Blancas,Estante1 - G4
Las olas del mar,C .S. Alemandri,1,Voces Blancas,Estante1 - G4
La sombra salio del monte,Antonio Estevez,1,Voces Blancas,Estante1 - G4
Dulcis Christe,Mi chelangelo Grancini,10,Voces Blancas,Estante1 - G4
Los tres Tambores,Anónimo,3,Voces Blancas,Estante1 - G4
Las pastores bailan ,Miguel Astor,1,SCTB - Madrigal,Estante1 - G4
Ergen deda,Petar Liondev,3,Voces Blancas,Estante1 - G4
Balladi,Aulis Sallinen,20,Voces Blancas,Estante1 - G4
A la bandera de Venezuela,Francisco Alraldi,8,Voces Blancas,Estante1 - G4
Ach! Synku synku,Donald Patriquin,9,Voces Blancas,Estante1 - G4
Bendito amor,Pablo Fernandez Badillo,1,Voces Blancas,Estante1 - G4
"Ah Robin, gentle Robin",William Camysh,50,Voces Blancas,Estante1 - G4
Branquias quisiera tener,Dante Andreo,1,Voces Blancas,Estante1 - G4
Brindis,Wolfgang Amadeus Mozart,3,Voces Blancas,Estante1 - G4
Deep river,Donald Patriquin,8,Voces Blancas,Estante1 - G4
Bullerengue,Jose  Antonio Rincón,12,Voces Blancas,Estante1 - G4
Bolingo,Bryan Welton,5,Voces Blancas,Estante1 - G4
Blanquisima gaviota,Alí Primera,7,Voces Blancas,Estante1 - G4
Brujas y hadas,Alberto Grau,2,Voces Blancas,Estante1 - G4
Bitano baraguajiye,Ruben Rivas,1,Voces Blancas,Estante1 - G4
A un panal de rica miel,Alberto Grau,1,Voces Blancas,Estante1 - G4
A don Antonio Picon,Luis Fernando Moncada,1,Voces Blancas,Estante1 - G4
Kontretanze KV 609,Wolfgang Amadeus Mozart,20,Voces Blancas,Estante1 - G4
Amor de conuco,Silvia Andrades Grassi,17,Voces Blancas,Estante1 - G4
El dia (movimiento),Eduardo Serrano,1,Voces Blancas,Estante1 - G4
Aglepta,Arne Melinas,1,Voces Blancas,Estante1 - G4
Adivinanzas del mar,Gisela Hernandez,3,Voces Blancas,Estante1 - G4
Huaino,S. Eisennstein,1,Voces Blancas,Estante1 - G4
Hermana Daniela,Anónimo,1,Voces Blancas,Estante1 - G4
Herbst,Arnold Mendelssohn,10,Voces Blancas,Estante1 - G4
La chiva,Anónimo,1,Voces Blancas,Estante1 - G4
Explosion,Nancy Telfer,10,Voces Blancas,Estante1 - G4
For the beauty of the earth,John Rultter,2,Voces Blancas,Estante1 - G4
La lluvia,Meldelssohn,3,Voces Blancas,Estante1 - G4
La lancha de tolín,Anónimo,1,Voces Blancas,Estante1 - G4
Tumbay,Anónimo,10,Voces Blancas,Estante1 - G4
En la ciudad del gato lucifer,René Rojas,1,Voces Blancas,Estante1 - G4
La caza real,Anónimo,2,Voces Blancas,Estante1 - G4
La cabra mocha,Alberto Grau,30,Voces Blancas,Estante1 - G4
Doppelquortett,Felix Mendelssohn Bartholdy,9,Voces Blancas,Estante1 - G4
El arado,G. Rebolledo,1,Voces Blancas,Estante1 - G4
El jala-jala,Lena Sanchez Bor,1,Voces Blancas,Estante1 - G4
El peroquito ,Modesta Bor,20,Merengue Barines,Estante1 - G4
La Doncella ,Alberto Grau,1,Voces Blancas,Estante1 - G4
Fulia de cumana,Modesta Bor,2,Voces Blancas,Estante1 - G4
En mina merytta kiita,Aulis Sallinen,20,Voces Blancas,Estante1 - G4
En la luz de tu presencia,Modesta Bor,1,Voces Blancas,Estante1 - G4
La brisa,Modesta Bor,23,Voces Blancas,Estante1 - G4
El carite,Francisco Carreño,1,Voces Blancas,Estante1 - G4
El dia que me quieras,Alejandro D´Leon,10,Voces Blancas,Estante1 - G4
El garrote encabuyaó,Jose A. Sutti,1,Voces Blancas,Estante1 - G4
La luna y el sol ,Albert Hernandez,2,Voces Blancas,Estante1 - G4
El buro parrandero ,Leonor Buenaventura de Valencia,1,Voces Blancas,Estante1 - G4
El espanto,José Sifontes,1,Voces Blancas,Estante1 - G4
El muñeco de la ciudad,Albert Hernandez,1,Voces Blancas,Estante1 - G4
El gorgojo,Alexander Carrillo,1,Voces Blancas,Estante1 - G4
El molino,Vicente Emilio Sojo,1,Voces Blancas,Estante1 - G4
El mampulorio,Luis Barrios,1,Voces Blancas,Estante1 - G4
La dama D´Aragó,Juan Liscano,15,Voces Blancas,Estante1 - G4
Eraalle muotokuvalle,Juan Luis Martinez,1,Voces Blancas,Estante1 - G4
Andarin,G. P. Palestina,1,Voces Blancas,Estante1 - G4
El valsiao,Lena Sanchez Bor,1,Voces Blancas,Estante1 - G4
El tarito,Anónimo,1,Voces Blancas,Estante1 - G4
Matilde Lina,Arlington Pardo,1,Voces Blancas - Madrigal,Estante2 - G1
Mata del anima sola ,Antonio Estevez,1,Voces Blancas - Madrigal,Estante2 - G1
Marranidad,Alberto Grau,1,Voces Blancas - Aguinaldo,Estante2 - G1
Mariposa de primavera,Octavio Marin,10,SCTB - Habanera,Estante2 - G1
Mariposa del aire,Modesta Bor,20,Voces Blancas,Estante2 - G1
Mi tripon,Gilberto Rebolledo,20,Voces blancas - Cancion de cuna,Estante2 - G1
Mi teresa ,Modesta Bor,2,VB - VO,Estante2 - G1
Misa Solemne,Evencio Castellanos,10,SCTB - Sacro,Estante2 - G1
MI madre borde en cariños,Alberto Arevalo,1,Voces Blancas,Estante2 - G1
Mi madre  ,Pablo Bonsaya,1,Voces Blancas,Estante2 - G1
Mi niña pinto un velero,Cira parra,1,Voces Blancas,Estante2 - G1
Mi pequeño amor,Larzabal Luis,50,Voces Blancas,Estante2 - G1
Mix olydian mode,Orlando Di Lasso,50,Voces Blancas,Estante2 - G1
Land of the silver birch,P. Paanlavse,10,Voces Blancas,Estante2 - G1
La negra atilia,Modesta Bor,1,SCTB,Estante2 - G1
La noche oscura,San juan de la cruz,10,VB - SCTB,Estante2 - G1
La palabra en la calle,Modesta Bor,1,SCTB,Estante2 - G1
La peregrinacion,Mauricio Chamate,1,SCTB,Estante2 - G1
La puerca,Luis Barrios,10,Voces Blancas,Estante2 - G1
La tarde se ha puesto triste,Pedro Rincon,10,Voces Blancas,Estante2 - G1
La tortuguita,Ana Mercedes Azuaje,1,Voces Blancas,Estante2 - G1
La reina,Amable Torres,1,SCTB,Estante2 - G1
Lauda sion,Orban,1,Voces Blancas,Estante2 - G1
Laudate Dominum,Br. Liontinus,20,Voces Blancas,Estante2 - G1
Les anges dans nos campagnes,Tradind Francia,10,Voces Blancas,Estante2 - G1
La ollera,Julio Reynaja,1,Voces Blancas,Estante2 - G1
Las bailas sin querer,Ricardo Dorado,10,Voces Blancas,Estante2 - G1
Llegando la navidad,Argenis Rivera,20,Voces Blancas,Estante2 - G1
Little david Play on your Hard,Cesar Geoffray,20,Voces Blancas,Estante2 - G1
Liston to the lambs,Anónimo,50,Voces Blancas,Estante2 - G1
Libro raa,Vicente Emilio Sojo,1,Voces Blancas,Estante2 - G1
Llego ya llego,Jose manuel,1,Voces Blancas,Estante2 - G1
Llaman a teresita,Anónimo,1,SCTB,Estante2 - G1
L'Hostal de la Peira,Sancho Marraco,1,SCTB,Estante2 - G1
L'Hippopotame,Pierre Bigot,20,Voces Blancas,Estante2 - G1
Leige Rieselt De Schnee,G Wirth,5,Voces Blancas,Estante2 - G1
Le carrillon,Jose Beaulieu,1,Voces Blancas,Estante2 - G1
La zapoara,Argenis Rivera,10,Voces Blancas,Estante2 - G1
Lauluja Merelta,Aulis Sallinen,20,Voces Blancas,Estante2 - G1
Maria Laya,Gilberto Rebolledo,50,Voces Blancas,Estante2 - G1
La ronda que nunca se acaba,Alberto Grau,10,Voces Blancas,Estante2 - G1
Las campanas suenan,Anónimo,1,Voces Blancas,Estante2 - G1
Las estrellas del cielo,Alexander Carrillo,50,Voces Blancas,Estante2 - G1
Las flores buenas de javier,Gilberto Rebolledo,20,Voces Blancas,Estante2 - G1
La monica perez,Angel Sauce,1,Voces Blancas,Estante2 - G1
Con moto maestoso e largamente,Orlando Di Lasso,36,Voces Blancas,Estante2 - G1
Benedictus,Anónimo,18,Sacro (solo),Estante2 - G1
Missa brevis pacem- Kyrie,Edward Gregson,50,Sacro,Estante2 - G1
Sanctus movimiento,J. Jesus Frausto L,1,Sacro,Estante2 - G1
Missa brevis in D- Kyrie (movimiento),Benjamin Britten,1,Sacro,Estante2 - G1
Mérida,Josefa de Villavicencio,24,Popular venezolana,Estante2 - G1
Mercedes,Frank Fernandez,1,Mixto,Estante2 - G1
Memento salutis auctor,William Bynd,20,Sacro,Estante2 - G1
Media vita,Anónimo,1,Voces Oscuras,Estante2 - G1
Maximina,Julian Gomez Giraldo,1,Merengue Popular,Estante2 - G1
Mariam matrem,Anónimo,1,Voces Oscuras,Estante2 - G1
Messa funebre Facilissima,Oreste Ravanello,1,Sacro,Estante2 - G1
Mi burrito sabanero,Anónimo,15,Popular Argentino,Estante2 - G1
Mi Cachorro,Yuri Cherkov,4,Voces Blancas,Estante2 - G1
Milonga sentimental,Sebastian Piana,1,Voces Blancas,Estante2 - G1
Maria moñitos,Antonio Lauro,20,Voces Blancas,Estante2 - G1
"Maria, herran piikanen",Austrian Folleskug,2,Voces Blancas,Estante2 - G1
Maria flor de limón,Luis Fernando Moncada,1,Voces Blancas,Estante2 - G1
Mareta,Francesc Xavier Costa Ciscor,20,Voces Blancas,Estante2 - G1
Mares,J. Haydn,3,Voces Blancas,Estante2 - G1
Marcha de la creacion,J. F. Haendel,10,Voces Blancas,Estante2 - G1
Maquerule,Julian Lopéz Giraldo,15,Voces Blancas,Estante2 - G1
Los cuatro muleros,Anónimo,20,Voces Blancas,Estante2 - G1
Los chimichimitos,Isabel Aretz,1,Voces Blancas,Estante2 - G1
Locus iste,Anton Bruckner,1,Voces Blancas,Estante2 - G1
Los caujaritos,G. Rebolledo,20,Voces Blancas,Estante2 - G1
Los dos gavilanes,Cristian Grases,2,Voces Blancas,Estante2 - G1
Los ecos,Rafael Izaza,36,Voces Blancas,Estante2 - G1
Los gallos,Modesta Bor,30,Voces Blancas,Estante2 - G1
Mailied,Franz Schubert,1,Voces Blancas,Estante2 - G1
Andante con moto,Modesta Bor,8,Voces Blancas Malagueña,Estante2 - G1
Malagueña,Anónimo,1,Voces Blancas,Estante2 - G1
Mambru,Frank Fernandez,1,Voces Blancas,Estante2 - G1
Mnchas Sonoras,Modesta Bor,2,Coro Mixto,Estante2 - G1
Lana de los maizalez,L. Adame,1,Mixto,Estante2 - G1
Lux aeterna ,Jose Mena,1,Mixto,Estante2 - G1
Porro,Jose Dario Calderón,20,Mixto,Estante2 - G1
"Madama Dance, madame swing",Orlando Sifontes,5,Mixto,Estante2 - G1
Madrigal,José Antonio Abreu,1,Mixto,Estante2 - G1
Magnificat,Antonia Ripa,1,Voces Blancas,Estante2 - G1
los niños del mar,René Rojas,2,Mixto,Estante2 - G1
Luna decembrina,Gilberto Rebolledo,50,Mixto,Estante2 - G1
Luna de malecon,Modesta Bor,20,Mixto,Estante2 - G1
Los reyes magos,Vivian Tabbush,40,Mixto,Estante2 - G1
Los juegos que tendra,Luis Fernando Moncada,6,Mixto,Estante2 - G1
Oiga compae,Cesar Alejandro Carrillo,1,Mixto Joropo,Estante2 - G2
Ofilii et filiee,Francois Auguste Cevacert,50,Voces Blancas,Estante2 - G2
Olt Noche,Gilberto Rebolledo,1,Aguinaldo,Estante2 - G2
"O dear, what con the matter be",Leslie Woodgate,1,Voces Blancas,Estante2 - G2
O! Egubarri Gaua,Hitzak Herrikoia,20,Voces Blancas,Estante2 - G2
Nuestras Navidades,"Andrea Ochoa, Jesus Ochoa",1,Voces Blancas,Estante2 - G2
Nubes,Guido Lopez Gavilan,1,Voces Blancas,Estante2 - G2
Noche de paz,Miguel Asins Arbó,50,Voces Blancas,Estante2 - G2
Valse Des Flocons de neige,Anónimo,20,Anónimo,Estante2 - G2
No vayas a misa elisa,Alejandro Pulido,5,Voces Blancas,Estante2 - G2
"Nosotros, pobres pastores",Modesta Bor,20,Voces Blancas,Estante2 - G2
Montanyes del caniqo,Xavier Puiq,20,Canto popular Cataleña - Voces Blancas,Estante2 - G2
Mujer Barcelonesa,Miguel Padro,10,Voces Blancas,Estante2 - G2
O vos amnos,Giovanni Matteo,20,Voces Blancas,Estante2 - G2
Somos Adolescentes,Carlos Lopez Pucoio,50,Voces Blancas,Estante2 - G2
"Moreninha, Se eu te pedisse",Anónimo,10,SCTB,Estante2 - G2
Mon Coeur Se re commande a vous,Orlandus Lassus,2,SCTB,Estante2 - G2
Per un piattodi maccheroni,Amelia Figueroa,1,Voces Blancas,Estante2 - G2
Per te signore,Anónimo,20,Voces Blancas,Estante2 - G2
Pero mira beben ,Miguel Asins Arbó,20,Voces Blancas,Estante2 - G2
Por la marina,Sindo Garay,1,Voces Blancas - Criolla,Estante2 - G2
Pequeño Cuarteto,Andres Delgado,5,Voces Blancas,Estante2 - G2
Pensamiento,Rafael Gomez,50,Voces Blancas,Estante2 - G2
Patatin Patatan,Modesta Bor,1,Mixto,Estante2 - G2
Pata Pa' ca,Alberto Grau,1,Voces Blancas,Estante2 - G2
Pars mea domunus,Giovanni Pierluigi da Palestino,10,Voces Blancas,Estante2 - G2
Panis Angelicus,Anónimo,1,Voces Blancas,Estante2 - G2
Para mi corazon hasta tu pecho,Modesta Bor,1,Coro Mixto,Estante2 - G2
Palomita Blanca,Modesta Bor,1,Voces Blancas,Estante2 - G2
Paisaje,A. E. Lasala,1,Voces Blancas,Estante2 - G2
Oye y veras,Modesta Bor,1,Voces Blancas,Estante2 - G2
"Oyd, oyd una cosa",Anónimo,1,Coro Mixto,Estante2 - G2
Presagio,Enrique Hidalgo,1,Voces Blancas,Estante2 - G2
Prelude,Purcell,1,Voces Blancas,Estante2 - G2
"Preciso es, Virgen pura",Ricardo perez,1,Voces Blancas,Estante2 - G2
Pregones Zulianos,Gilberto Rebolledo,50,Voces Blancas,Estante2 - G2
Precioso Querube,Rodolfo Luaces,50,Voces Blancas,Estante2 - G2
Preguntale a ese mar,Juan Beroes,1,Coro Mixto,Estante2 - G2
Potpurri,Anónimo,20,Voces Blancas,Estante2 - G2
Por ti sola,Julio Alberto Hernandez,1,Coro Mixto,Estante2 - G2
Por la tierra un angel iba,Alexander Carrillo,1,Voces Blancas,Estante2 - G2
Popule Meus,Jose Angel Lamas,1,Coro Mixto,Estante2 - G2
Polo,Anónimo,20,Coro Mixto,Estante2 - G2
Pobre corazon,Ruben Rivas,1,Coro Mixto,Estante2 - G2
Plumilla,Luis Fernando Moncada,1,Coro Mixto,Estante2 - G2
Playa grande,Rafael,50,Coro Mixto,Estante2 - G2
Pipitaaki Papataki,Hitzak Herrikoia,1,Coro Mixto,Estante2 - G2
Pierda quien pierda,Alberto Grau,1,Voces Blancas,Estante2 - G2
Molinito,Luis Fernando Franco,1,Voces Blancas,Estante2 - G2
Noche de Dios,Franz Gruber,1,Coro Mixto,Estante2 - G2
Notied Saule Valkara,Val. Berzakalas,1,Voces Blancas,Estante2 - G2
Nostalgia,Dante Andreo,1,Voces Blancas,Estante2 - G2
Noche feliz,Hugo Filion,1,Voces Blancas,Estante2 - G2
O regem Coeli,Tomas L. de victoria,1,Voces Blancas,Estante2 - G2
O bone Jesu,Johannes Brahms,10,Voces Blancas,Estante2 - G2
Obwisana,Mary Donrelly,1,Voces Blancas,Estante2 - G2
Occidente,Antonio Lauro,1,Voces Blancas,Estante2 - G2
"O come, all ye Fratthearul",David Cuillcocks,1,Voces Blancas,Estante2 - G2
O cor seave,Laura Filippina,1,Voces Blancas,Estante2 - G2
Q pato,Unicios de morace,1,Voces Blancas,Estante2 - G2
Nel primo chiarore del giornio,Anónimo,1,Voces Blancas,Estante2 - G2
Nina nina,Modesta Bor,1,Coro Mixto,Estante2 - G2
Niño Bonito,Gilberto Rebolledo,1,Voces Blancas,Estante2 - G2
Niño de belen,Johana Chacin,10,Voces Oscuras,Estante2 - G2
Niño Dios,Villancia,2,Voces Blancas,Estante2 - G2
No llores mis ojos,Javier Busto,10,Voces Blancas,Estante2 - G2
Nit de vella,Xavier Sans,10,Voces Blancas,Estante2 - G2
No era nadie,Carlos Fariñas,1,Voces Blancas,Estante2 - G2
Pasaje del olvido,Simón Díaz,20,Voces Blancas,Estante2 - G2
Quisiera,Luis Fernando Moncada,5,Coro Mixto,Estante2 - G2
Quimbara,Lena Sanchez Bor,20,Coro Mixto,Estante2 - G2
Quiero Bailar Contigo,Anónimo,50,Coro Mixto,Estante2 - G2
Qui Dixi,Orlando Di Lasso,1,Voces Blancas,Estante2 - G2
Que vida la mia,Oscar Guillon,10,Voces Blancas,Estante2 - G2
Que reste -T- il de nos amours,Lena Sanchez Bor,50,Voces Blancas,Estante2 - G2
Que nadie despierte al neño,F M Viejo,1,Voces Blancas,Estante2 - G2
Que canten los niños,Luimir Arisnandi,1,Voces Blancas,Estante2 - G2
Que contienen,Anónimo,1,Voces Blancas,Estante2 - G2
"Quebradita, Quebradita",Julian Gomez Giraldo,1,Voces Blancas,Estante2 - G2
Que bello es el mundo hoy,Kurt Pahlen,1,Voces Blancas,Estante2 - G2
Quando yi rivedro,Aria,1,Voces Blancas,Estante2 - G2
Puer natus in Betholhem,Michael Praetories,1,Voces Blancas,Estante2 - G2
Puerco Espin de goma,Anónimo,1,Voces Blancas,Estante2 - G2
Principe Ali,Anónimo,20,Voces Blancas,Estante2 - G2
Primer circulo,Moises Mata,1,Voces Blancas,Estante2 - G2
Oye padre,Sigesmundo Romero,1,Voces Blancas,Estante2 - G2
hoy comamos y bebamos,Juan del Encina,10,Coro Mixto,Estante2 - G2
Otto Laudi Filippine,Anónimo,1,Coro Mixto,Estante2 - G2
O Sanctissima ,Anónimo,1,Coro Mixto,Estante2 - G2
O salutaris hostia,Giuseppe Liberto,1,Coro Mixto,Estante2 - G2
Parranda margariteña,Modesta Bor,1,Coro Mixto,Estante2 - G2
O Voso Galo comadre,Anónimo,1,Coro Mixto,Estante2 - G2
Obra: Gran finale Secundo,Anónimo,1,Mixto y orquesta,Estante2 - G2
Shchedryk Shchedryk,Anónimo,20,SCTB,Estante2 - G3
Seven Japanese Tanka,Gordon Johson,1,SCTB,Estante2 - G3
Se tu m' accogli,Johann Sebastian Bach,20,SCTB,Estante2 - G3
Set down Servant,Robert Shaw,1,SCTB,Estante2 - G3
Serenity,Whittier,1,SCTB,Estante2 - G3
Serenata para la tierra de uno,Liliana Cangiano,1,SCTB,Estante2 - G3
Serenata ,Kris Stornelli,1,SCTB,Estante2 - G3
Serenata ,Luis Fernando Moncada,20,SCTB,Estante2 - G3
"Santo, Santo",R. Benedito,1,SCTB,Estante2 - G3
"San pedro, Juega chapas",Alberto Grau,20,Voces Blancas,Estante2 - G3
San Severino,Anónimo,1,Voces Blancas,Estante2 - G3
San juan tu lo tiene,Cesar Carrillo,1,SCTB - Merengue,Estante2 - G3
San jose al niño jesus ,Miguel Asins Arbó,50,Voces Blancas,Estante2 - G3
Senderos de luz,Carlos Antuñez,1,SCTB,Estante2 - G3
Seis perreca,Felipe Izaray,1,SCTB,Estante2 - G3
Saudades,Armando Nones,1,Voces Oscuras,Estante2 - G3
Sobre el cesped,Franz Joseph Haydn,1,Voces Blancas,Estante2 - G3
Si yo fuera como tu ,Carlos Manuel Delgado,1,SCTB,Estante2 - G3
Si vas de prisa,Modesta Bor,10,Voces Blancas,Estante2 - G3
Si ya hamba,African Song,10,Voces Blancas,Estante2 - G3
Si un beso no puede ser,Nicolds Guillen,1,SCTB,Estante2 - G3
Si nos hubiera mirado,Juan Vazquez,5,SCTB,Estante2 - G3
Signging all together,Anónimo,10,SCTB,Estante2 - G3
Sing choirs of the world,Emil Cossetto,3,SCTB,Estante2 - G3
Si compartimos,Guido L. Gavilan,1,Voces Blancas,Estante2 - G3
Si la pluie te movillie,Tasset - Remy,20,Voces Blancas,Estante2 - G3
Si la nieve resbala,Anónimo,20,Voces Blancas,Estante2 - G3
Schone Fremde ,Fanny Hensel,1,SCTB,Estante2 - G3
Symphonie,Durak,50,SCTB,Estante2 - G3
Sym paa tti,Aulis Sallinen,20,Voces Blancas,Estante2 - G3
"Swing Low, Sweet Chariot",Anónimo,20,Voces Blancas,Estante2 - G3
Suite de lorca,Einoju hari Rautauaara,1,SCTB,Estante2 - G3
Sub tuum praesidium,Hellmut Federhofer,1,Coro e instrumentos,Estante2 - G3
Sufrir y callar,Rogerio a Caraballo,1,SCTB,Estante2 - G3
Steal Away,William Arms Fisher,1,Piano,Estante2 - G3
Stella Splendens ,Anónimo,1,Voces Blancas,Estante2 - G3
Standin in the need of player,Anónimo,50,Voces Blancas,Estante2 - G3
Sound the trumpet,Henry Purcell,50,Voces Blancas,Estante2 - G3
Son chispitas,Luis Fernando Moncada,20,Voces Blancas,Estante2 - G3
"Some where, my love",Maurice Jarre,1,SCTB,Estante2 - G3
Solomon grundy,Nick page,10,Voces Blancas,Estante2 - G3
Sub tuum praesidium,Nikols Kocsar,1,Voces Blancas,Estante2 - G3
Sois la prometida,Modesta Bor,10,SCTB,Estante2 - G3
Tanto aguantar,Gilberto Rebolledo,10,SCTB,Estante2 - G3
Tantum ergo,Zoltanus Kodaly,3,Movimiento,Estante2 - G3
Tu venias,Javier Busto,50,SCTB,Estante2 - G3
Toro mata,Gilberto Rebolledo,1,Folklore Peru - SCTB,Estante2 - G3
Tres hojitas madre,A. Longree,1,SCT,Estante2 - G3
Tomada de luna llena ,Simón Díaz,10,Voces Blancas,Estante2 - G3
Tomada llanera 'Clavelito Colorado',Antonio Estevez,1,SCTB,Estante2 - G3
Rezitativ,Anónimo,1,Voces Blancas,Estante2 - G3
The Alphabet,Mozart,50,Voces Blancas,Estante2 - G3
Tingolullo,Francisco Carreño,20,SCTB,Estante2 - G3
Todas las estrellas,Modesta Bor,10,SCTB,Estante2 - G3
This little babe,Robert Southwell,10,Voces Blancas,Estante2 - G3
The silver swan,Orlando Dibbans,10,Voces Blancas,Estante2 - G3
Todo lo que es mi vida esta en tu vida,Gregory Pino,50,Voces Blancas,Estante2 - G3
The planets,Gustav Holst,1,Voces Blancas,Estante2 - G3
The lord Bless you and keep you,John Butter,50,Voces Blancas,Estante2 - G3
Tu risa,Beatriz Corona,20,Voces Blancas,Estante2 - G3
The Beattle of jericho,Moises Hogan,1,SCTB,Estante2 - G3
The lord loves a laughin man ,Norman Luboff,2,SCTB,Estante2 - G3
Trigales,Gilberto Rebolledo,20,Voces Blancas,Estante2 - G3
Trois chansons,Glaude Debussy,1,SCTB,Estante2 - G3
Tu,Juan Manuel Hernandez,1,Voces Blancas,Estante2 - G3
Tonadita de agua,Erasmo Castillo,50,Voces Blancas,Estante2 - G3
Tres picardias venezolanas,Oscar Gailan,1,SCTB,Estante2 - G3
Tamquam Agnus,M. A. Ingegneri,20,Voces Blancas,Estante2 - G3
Tamquam Agnus,Ludovico Tummaso Da vittoria,50,Voces Blancas,Estante2 - G3
Tantum ergo,Gabriel Fauré,20,Voces Blancas,Estante2 - G3
Te quiero,Alberto Favero,2,SCTB,Estante2 - G3
Tenebrae Factae Sun,M.A. ingegneri,1,SCTB,Estante2 - G3
Tu corres por la playa,Gilberto Rebolledo,1,SCTB,Estante2 - G3
Tu tika mai,Anthony Ritchie,5,Coro e instrumentos,Estante2 - G3
Tu mi guardi dalla croce,Anónimo,50,SCTB,Estante2 - G3
Teresita hermana,Anónimo,1,SCTB,Estante2 - G3
Stabat Mater dolorosa,Giovanni Batista Percoles,45,Movimiento,Estante2 - G3
Receta paisa,Jorge Humberto Jimenez,1,SCTB,Estante2 - G3
San pedro ,Alberto Grau,50,Voces Blancas - Movimiento,Estante2 - G3
Sabia coracao de uma viola,Aylton Escobar,2,SCTB,Estante2 - G3
Salmo,Anónimo,1,Voces Blancas,Estante2 - G3
Salmo,Pedro Rincon,1,SCTB,Estante2 - G3
Salseo,Oscar Gailan,1,SCTB,Estante2 - G3
Salve,Vicente Emilio Sojo,3,SCTB,Estante2 - G3
Salvemos el mar azul,Victoria Rodriguez,5,Voces Blancas,Estante2 - G3
Salve Regina,Cesar Alejandro Carrillo,1,Movimiento,Estante2 - G3
Sambalele,David Machado,10,SCTB,Estante2 - G3
Sancta Maria,Knut Nystedt,10,Voces Blancas,Estante2 - G3
Same train,Alice parker,1,SCTB,Estante2 - G3
Suscepit Israel,Anónimo,1,Voces Blancas,Estante2 - G3
Solo de marimba,V E Sojo,1,SCTB,Estante2 - G3
Rataplan,Moises Moleiro,50,Voces Blancas,Estante2 - G3
La lora,Abril Castillo,1,Voces Blancas,Estante2 - G3
Rosa Gentil,Angel Sauce,3,Voces Blancas,Estante2 - G3
Rosa Amareta,Anónimo,1,SCTB,Estante2 - G3
Ronda del con,Electo Silva,1,Voces Blancas,Estante2 - G3
Romance Sanambulo,Federico Garcia,1,SCTB,Estante2 - G3
Rosas frescas,Juan Bta. Plaza,1,SCTB,Estante2 - G3
Cancionero de vcsala o del duque de calabria,Anónimo,1,SCTB,Estante2 - G3
Rueda rodando,Dora Alonso,1,Voces Blancas,Estante2 - G3
"Radiant Stars, Above the mountains Glowing",Cesar Antonovitch,1,Voces Blancas,Estante2 - G3
Mata del anima sola ,Antonio Estevez,4,Tenor,Estante2 - G3
Ride the chariot,The krones,1,Voces Oscuras,Estante2 - G3
Rio Feliz,Raimundo Pereira,1,Voces Blancas,Estante2 - G3
Ribereñas,Modesta Bor,20,Voces Blancas,Estante2 - G3
Tierra y Canto,Ruben Rivas,50,SCTB,Estante2 - G3
Tota pulchra es ,Anónimo,2,Voces Blancas,Estante2 - G3
Tres porros,Julian Gomez Giraldo,1,Voces Blancas,Estante2 - G3
Tres villancicos anda luz,Dante Andreo,50,Voces Blancas,Estante2 - G3
Triste España sin ventura,Juan del Encina,10,SCTB,Estante2 - G3
Tristis el anima mea,Javier Busto,20,Bajo - Voces Oscuras,Estante2 - G3
We wantte sign together,Victoria Mohn,1,Voces Blancas,Estante2 - G4
When The Stars Begin To fall,Anónimo,20,Voces Blancas,Estante2 - G4
White Christmas,Hector Mac Carthy,1,SCTB,Estante2 - G4
"Y nina, nina",Gilberto Rebolledo,50,Voces Blancas,Estante2 - G4
White Christmas,Roberto oi Marino,20,Voces Blancas - Navidad,Estante2 - G4
Uadaura Remu,Gerardo Rondon,1,Melodia Indigena,Estante2 - G4
Ubi caritas et amor,Anónimo,10,Gregoriano,Estante2 - G4
Ungewisses Liht,J C Von Zedlitz,20,SCTB,Estante2 - G4
Una cancion posible,Anónimo,1,SCTB,Estante2 - G4
Un sueño de amores,Rogerio A caraballo,1,Piano,Estante2 - G4
Un tan hermoso doncel,Raimundo Pereira,2,Voces Blancas,Estante2 - G4
Volver (Tango),Dante Andreo,1,Voces Blancas,Estante2 - G4
Venezuela,Vicente Ascone,2,Movimiento - Voces Blancas,Estante2 - G4
Vals Para Piano,Modesta Bor,1,Madrigal - Piano,Estante2 - G4
Zapatitos de lluvia,Vicente Emilio Sojo,1,SCTB,Estante2 - G4
Ya viene la vieja,Modesta Bor,1,Voces Blancas,Estante2 - G4
Yellow Days,Frank Metis,1,Movimiento,Estante2 - G4
Yo invento,Modesta Bor,1,Voces Blancas,Estante2 - G4
Volgen I anima mia,Anónimo,5,SCTB,Estante2 - G4
Vere Languores,Ludovico da vitoria,1,SCTB,Estante2 - G4
Meie Khsul Kriimud Silmad ,C. Anderson,1,SCTB,Estante2 - G4
Vamos todos,Angel M pompey,10,SCTB,Estante2 - G4
La dama D´Aragó,Juan Luis Martinez,5,Voces Blancas,Estante2 - G4
"Veni, Veni Emmanuel",Zoltán Kodály,5,SCB,Estante2 - G4
Wade in the water,Etienne Daniel,1,Movimiento - Voces Blancas,Estante2 - G4
Venezuela habla cantando ,Argenis Rivera,1,Voces Blancas,Estante2 - G4
Wa Habibi,G. Wirth,2,SCTB,Estante2 - G4
Wedding March,Felix Mendelssohn Bartholdy,1,Fragmento,Estante2 - G4
Weihnach Tstanza der hirten,Zoltán Kodály,1,Voces Blancas,Estante2 - G4
Wenn Ich cin Glocklein Wer,Otto Fischer,1,Voces Blancas,Estante2 - G4
Villancico Model ,Eduardo Plaza,2,Voces Blancas,Estante2 - G4
Venite Exsultames Domino,Antonio M. Russo,1,Voces Blancas,Estante2 - G4
Voi Chamcte Lo Oriatore,Anónimo,1,Voces Blancas,Estante2 - G4
Viento ,Antonio Lauro,20,Voces Blancas,Estante2 - G4
valse Des Flocons De neige,Anónimo,20,Coro e instrumentos,Estante2 - G4
Velero Mundo,Modesta Bor,2,SCTB,Estante2 - G4
El carpintero,Simón Díaz,2,Musica popular,Estante3 - G1
Confutatis movimiento,Anónimo,1,Sacro,Estante3 - G1
Adeste fideles,Miguel Asins Arbó,50,Navideño,Estante3 - G1
Sendas de la tarde,Juan Bautista Plaza,28,Madrigal,Estante3 - G1
Shenandoah,Mary Goetze,34,Popular,Estante3 - G1
Tree song,Ken Medema,15,Popular,Estante3 - G1
Aguinaldo margariteño,Modesta Bor,20,Navideño,Estante3 - G1
El canto del cisne,Thomas Koschat,1,Madrigal,Estante3 - G1
Mátraszentimnei dalok,Gyorgy Ligeti,1,Sacro,Estante3 - G1
Canten señores cantores,Anónimo,50,Popular Argentino,Estante3 - G1
Repertorio navideño,Orlando Gomez A.,1,Navideño,Estante3 - G1
Obluisana (Guin´to ghana),Mary Donrelly,1,Popular,Estante3 - G1
La puerca,Rarael Suarez,1,Popular,Estante3 - G1
Repertorio navideño,Varios,1,Navideño,Estante3 - G1
Papagenos Glockenspiel,Wolfgang Amadeus Mozart,1,Popular,Estante3 - G1
Bist du bei mir,J. S. Bach,1,Popular,Estante3 - G1
Aguinaldos venezolanos,Varios,1,Navideño,Estante3 - G1
Aguinaldos y parrandas,Varios,1,Navideño,Estante3 - G1
La mañana,Antonio Lauro,7,Popular,Estante3 - G1
A ceremony of carols (movimiento),Benjamin Britten,1,Sacro,Estante3 - G1
Movimiento sacro,Varios,1,Sacro,Estante3 - G1
Teoria de la musica 1er año,Anónimo,2,Mixto Voces Blancas,Estante3 - G1
Movimiento mixto,Varios,1,Madrigal,Estante3 - G1
O magnum mysterium,Anónimo,1,Popular frances,Estante3 - G1
Movimiento variado,Varios,1,Sacro,Estante3 - G1
Himno del obispo,Argenis Rivera,1,Gregoriano,Estante3 - G1
Hymn to freedom,Oscar Peterson,20,Himno,Estante3 - G1
Himno nacional de Venezuela,Anónimo,1,Himno,Estante3 - G1
Himno del estado Mérida,Gil Antonio Gil,2,Himno,Estante3 - G1
Himno del estado Trujillo,Esteban Rasquin,2,Himno,Estante3 - G1
Himno de la Universidad de los Andes,Jose R Riva,2,Himno,Estante3 - G1
Alegre cantemos,Alejandro Pulido,18,Popular,Estante3 - G1
And the glory of the lord,G. F. Haendel,1,Gregoriano movimiento,Estante3 - G1
Gentileza,R. Delgado Palacios,1,Vals,Estante3 - G1
El San Pedro,Vicente Emilio Sojo,2,Popular,Estante3 - G1
Himno a la alegria,L. Van Beethoven,1,Himno,Estante3 - G1
Himno del deporte,Atilio Ferrano,20,Himno,Estante3 - G1
Chorus (12),Anónimo,5,Sacro,Estante3 - G1
Espera,H. Oramatges,1,Vals,Estante3 - G1
Tenebrae Factae Sunt,Tomás Luis de Victoria,1,Gregoriano,Estante3 - G1
Afferentur regi,Anónimo,1,Sacro,Estante3 - G1
Vexilla regis,Anton Bruckner,1,Himno,Estante3 - G1
Jean Michel,Luis Orlando Briceño,1,Popular Voces Oscuras,Estante3 - G1
Quiero Bailar contigo,Roberto Valera,1,Voces Blancas,Estante3 - G2
El mensaje de los andes,A. Guevafrt,1,SCTB,Estante3 - G2
Repertorio Variado,Variado,1,Voces Blancas,Estante3 - G2
Mister Sadman,Bertha Badley,3,SCTB,Estante3 - G2
Opereta Ecologia en cuatro actos,Alberto Grau,1,Movimiento,Estante3 - G2
Messe Breve,Leo Delibes,1,Voces Blancas,Estante3 - G2
La fiesta del tambor,Anónimo,1,Uruguayo,Estante3 - G2
Aguinaldo Carupareno,Isabel Palacios,20,SCTB,Estante3 - G2
Movimiento carpeta roja,Modesta Bor,10,Voces Blancas - Madrigal,Estante3 - G2
Coral,Melodia Ginebra,1,Voces Blancas,Estante3 - G2
Beauti Mourti,Felix Mendelssohn Bartholdy,20,Voces Oscuras,Estante3 - G2
El cuento,Anónimo,20,Voces Blancas,Estante3 - G2
Repertorio Navideño,Variado,20,Voces Blancas,Estante3 - G2
Repertorio Variado,Variado,20,Voces Blancas,Estante3 - G2
Baby Mine,Kate Miller Heidke,20,Walt Disney Dumbo,Estante3 - G2
El niño anunciado,Gilberto Rebolledo,20,SCTB,Estante3 - G2
Michelle,John Lennon,20,Voces Blancas,Estante3 - G2
El arco iris,Raimundo Pereira,20,Voces Blancas,Estante3 - G2
Paradura de niño,Anónimo,20,Voces Blancas,Estante3 - G2
Adoremos a Dios,Modesta Bor,2,Voces Blancas,Estante3 - G2
Stava a pie della Croce,Anónimo,20,SCB,Estante3 - G2
Repertorio variado,Variado,20,Voces Blancas,Estante3 - G2
Repertorio Disney,Variado,20,Voces Blancas,Estante3 - G2
Can you feell the love tonight,Tom Rice,20,Voces Blancas,Estante3 - G2
Suite Navideña,Emmanuel Aranguren,1,SCTB,Estante3 - G2
Danos la paz,Kurt Pahlen,20,Voces Blancas,Estante3 - G2
Super flumina baby lenis,Pierluigi da palestrina,20,SCTB,Estante3 - G2
Mary did you Know,Pentotonix,1,Voces Blancas,Estante3 - G2
Que bello es el mundo hoy,Akurt Pahlen,1,Voces Blancas,Estante3 - G2
Caballito,Carlos vives,20,Voces Blancas,Estante3 - G2
Cañameler,Amilear Rivas,2,Voces Blancas,Estante3 - G2
Carmen,Georges Bizet,20,Movimiento,Estante3 - G2
Don Ramon,Vicente Emilio Sojo,1,Voces Blancas,Estante3 - G2
En la mano traigo ,Anónimo,5,Voces Blancas,Estante3 - G2
O salutaris Hostia,Eriks Eseualds,20,Voces Blancas,Estante3 - G2
Swing Low,Hartamut Rayl,20,SCTB,Estante3 - G2
All things Bright and Beautiful,John Butter,20,Voces Blancas,Estante3 - G2
Chorus N-8,Anónimo,20,Voces Blancas,Estante3 - G2